"GEO_ID","NAME","B27015_001E","B27015_001EA","B27015_001M","B27015_001MA","B27015_002E","B27015_002EA","B27015_002M","B27015_002MA","B27015_003E","B27015_003EA","B27015_003M","B27015_003MA","B27015_004E","B27015_004EA","B27015_004M","B27015_004MA","B27015_005E","B27015_005EA","B27015_005M","B27015_005MA","B27015_006E","B27015_006EA","B27015_006M","B27015_006MA","B27015_007E","B27015_007EA","B27015_007M","B27015_007MA","B27015_008E","B27015_008M","B27015_008MA","B27015_008EA","B27015_009E","B27015_009EA","B27015_009M","B27015_009MA","B27015_010E","B27015_010EA","B27015_010M","B27015_010MA","B27015_011E","B27015_011EA","B27015_011M","B27015_011MA","B27015_012E","B27015_012EA","B27015_012M","B27015_012MA","B27015_013E","B27015_013EA","B27015_013M","B27015_013MA","B27015_014E","B27015_014EA","B27015_014M","B27015_014MA","B27015_015E","B27015_015EA","B27015_015M","B27015_015MA","B27015_016E","B27015_016EA","B27015_016M","B27015_016MA","B27015_017E","B27015_017EA","B27015_017M","B27015_017MA","B27015_018E","B27015_018EA","B27015_018M","B27015_018MA","B27015_019E","B27015_019EA","B27015_019M","B27015_019MA","B27015_020E","B27015_020EA","B27015_020M","B27015_020MA","B27015_021E","B27015_021EA","B27015_021M","B27015_021MA","B27015_022E","B27015_022EA","B27015_022M","B27015_022MA","B27015_023E","B27015_023EA","B27015_023M","B27015_023MA","B27015_024E","B27015_024EA","B27015_024M","B27015_024MA","B27015_025E","B27015_025EA","B27015_025M","B27015_025MA","B27015_026E","B27015_026EA","B27015_026M","B27015_026MA",
"Geography","Geographic Area Name","Estimate!!Total:","Annotation of Estimate!!Total:","Margin of Error!!Total:","Annotation of Margin of Error!!Total:","Estimate!!Total:!!Under $25,000:","Annotation of Estimate!!Total:!!Under $25,000:","Margin of Error!!Total:!!Under $25,000:","Annotation of Margin of Error!!Total:!!Under $25,000:","Estimate!!Total:!!Under $25,000:!!With health insurance coverage","Annotation of Estimate!!Total:!!Under $25,000:!!With health insurance coverage","Margin of Error!!Total:!!Under $25,000:!!With health insurance coverage","Annotation of Margin of Error!!Total:!!Under $25,000:!!With health insurance coverage","Estimate!!Total:!!Under $25,000:!!With health insurance coverage!!With private health insurance","Annotation of Estimate!!Total:!!Under $25,000:!!With health insurance coverage!!With private health insurance","Margin of Error!!Total:!!Under $25,000:!!With health insurance coverage!!With private health insurance","Annotation of Margin of Error!!Total:!!Under $25,000:!!With health insurance coverage!!With private health insurance","Estimate!!Total:!!Under $25,000:!!With health insurance coverage!!With public coverage","Annotation of Estimate!!Total:!!Under $25,000:!!With health insurance coverage!!With public coverage","Margin of Error!!Total:!!Under $25,000:!!With health insurance coverage!!With public coverage","Annotation of Margin of Error!!Total:!!Under $25,000:!!With health insurance coverage!!With public coverage","Estimate!!Total:!!Under $25,000:!!No health insurance coverage","Annotation of Estimate!!Total:!!Under $25,000:!!No health insurance coverage","Margin of Error!!Total:!!Under $25,000:!!No health insurance coverage","Annotation of Margin of Error!!Total:!!Under $25,000:!!No health insurance coverage","Estimate!!Total:!!$25,000 to $49,999:","Annotation of Estimate!!Total:!!$25,000 to $49,999:","Margin of Error!!Total:!!$25,000 to $49,999:","Annotation of Margin of Error!!Total:!!$25,000 to $49,999:","Estimate!!Total:!!$25,000 to $49,999:!!With health insurance coverage","Margin of Error!!Total:!!$25,000 to $49,999:!!With health insurance coverage","Annotation of Margin of Error!!Total:!!$25,000 to $49,999:!!With health insurance coverage","Annotation of Estimate!!Total:!!$25,000 to $49,999:!!With health insurance coverage","Estimate!!Total:!!$25,000 to $49,999:!!With health insurance coverage!!With private health insurance","Annotation of Estimate!!Total:!!$25,000 to $49,999:!!With health insurance coverage!!With private health insurance","Margin of Error!!Total:!!$25,000 to $49,999:!!With health insurance coverage!!With private health insurance","Annotation of Margin of Error!!Total:!!$25,000 to $49,999:!!With health insurance coverage!!With private health insurance","Estimate!!Total:!!$25,000 to $49,999:!!With health insurance coverage!!With public coverage","Annotation of Estimate!!Total:!!$25,000 to $49,999:!!With health insurance coverage!!With public coverage","Margin of Error!!Total:!!$25,000 to $49,999:!!With health insurance coverage!!With public coverage","Annotation of Margin of Error!!Total:!!$25,000 to $49,999:!!With health insurance coverage!!With public coverage","Estimate!!Total:!!$25,000 to $49,999:!!No health insurance coverage","Annotation of Estimate!!Total:!!$25,000 to $49,999:!!No health insurance coverage","Margin of Error!!Total:!!$25,000 to $49,999:!!No health insurance coverage","Annotation of Margin of Error!!Total:!!$25,000 to $49,999:!!No health insurance coverage","Estimate!!Total:!!$50,000 to $74,999:","Annotation of Estimate!!Total:!!$50,000 to $74,999:","Margin of Error!!Total:!!$50,000 to $74,999:","Annotation of Margin of Error!!Total:!!$50,000 to $74,999:","Estimate!!Total:!!$50,000 to $74,999:!!With health insurance coverage","Annotation of Estimate!!Total:!!$50,000 to $74,999:!!With health insurance coverage","Margin of Error!!Total:!!$50,000 to $74,999:!!With health insurance coverage","Annotation of Margin of Error!!Total:!!$50,000 to $74,999:!!With health insurance coverage","Estimate!!Total:!!$50,000 to $74,999:!!With health insurance coverage!!With private health insurance","Annotation of Estimate!!Total:!!$50,000 to $74,999:!!With health insurance coverage!!With private health insurance","Margin of Error!!Total:!!$50,000 to $74,999:!!With health insurance coverage!!With private health insurance","Annotation of Margin of Error!!Total:!!$50,000 to $74,999:!!With health insurance coverage!!With private health insurance","Estimate!!Total:!!$50,000 to $74,999:!!With health insurance coverage!!With public coverage","Annotation of Estimate!!Total:!!$50,000 to $74,999:!!With health insurance coverage!!With public coverage","Margin of Error!!Total:!!$50,000 to $74,999:!!With health insurance coverage!!With public coverage","Annotation of Margin of Error!!Total:!!$50,000 to $74,999:!!With health insurance coverage!!With public coverage","Estimate!!Total:!!$50,000 to $74,999:!!No health insurance coverage","Annotation of Estimate!!Total:!!$50,000 to $74,999:!!No health insurance coverage","Margin of Error!!Total:!!$50,000 to $74,999:!!No health insurance coverage","Annotation of Margin of Error!!Total:!!$50,000 to $74,999:!!No health insurance coverage","Estimate!!Total:!!$75,000 to $99,999:","Annotation of Estimate!!Total:!!$75,000 to $99,999:","Margin of Error!!Total:!!$75,000 to $99,999:","Annotation of Margin of Error!!Total:!!$75,000 to $99,999:","Estimate!!Total:!!$75,000 to $99,999:!!With health insurance coverage","Annotation of Estimate!!Total:!!$75,000 to $99,999:!!With health insurance coverage","Margin of Error!!Total:!!$75,000 to $99,999:!!With health insurance coverage","Annotation of Margin of Error!!Total:!!$75,000 to $99,999:!!With health insurance coverage","Estimate!!Total:!!$75,000 to $99,999:!!With health insurance coverage!!With private health insurance","Annotation of Estimate!!Total:!!$75,000 to $99,999:!!With health insurance coverage!!With private health insurance","Margin of Error!!Total:!!$75,000 to $99,999:!!With health insurance coverage!!With private health insurance","Annotation of Margin of Error!!Total:!!$75,000 to $99,999:!!With health insurance coverage!!With private health insurance","Estimate!!Total:!!$75,000 to $99,999:!!With health insurance coverage!!With public coverage","Annotation of Estimate!!Total:!!$75,000 to $99,999:!!With health insurance coverage!!With public coverage","Margin of Error!!Total:!!$75,000 to $99,999:!!With health insurance coverage!!With public coverage","Annotation of Margin of Error!!Total:!!$75,000 to $99,999:!!With health insurance coverage!!With public coverage","Estimate!!Total:!!$75,000 to $99,999:!!No health insurance coverage","Annotation of Estimate!!Total:!!$75,000 to $99,999:!!No health insurance coverage","Margin of Error!!Total:!!$75,000 to $99,999:!!No health insurance coverage","Annotation of Margin of Error!!Total:!!$75,000 to $99,999:!!No health insurance coverage","Estimate!!Total:!!$100,000 or more:","Annotation of Estimate!!Total:!!$100,000 or more:","Margin of Error!!Total:!!$100,000 or more:","Annotation of Margin of Error!!Total:!!$100,000 or more:","Estimate!!Total:!!$100,000 or more:!!With health insurance coverage","Annotation of Estimate!!Total:!!$100,000 or more:!!With health insurance coverage","Margin of Error!!Total:!!$100,000 or more:!!With health insurance coverage","Annotation of Margin of Error!!Total:!!$100,000 or more:!!With health insurance coverage","Estimate!!Total:!!$100,000 or more:!!With health insurance coverage!!With private health insurance","Annotation of Estimate!!Total:!!$100,000 or more:!!With health insurance coverage!!With private health insurance","Margin of Error!!Total:!!$100,000 or more:!!With health insurance coverage!!With private health insurance","Annotation of Margin of Error!!Total:!!$100,000 or more:!!With health insurance coverage!!With private health insurance","Estimate!!Total:!!$100,000 or more:!!With health insurance coverage!!With public coverage","Annotation of Estimate!!Total:!!$100,000 or more:!!With health insurance coverage!!With public coverage","Margin of Error!!Total:!!$100,000 or more:!!With health insurance coverage!!With public coverage","Annotation of Margin of Error!!Total:!!$100,000 or more:!!With health insurance coverage!!With public coverage","Estimate!!Total:!!$100,000 or more:!!No health insurance coverage","Annotation of Estimate!!Total:!!$100,000 or more:!!No health insurance coverage","Margin of Error!!Total:!!$100,000 or more:!!No health insurance coverage","Annotation of Margin of Error!!Total:!!$100,000 or more:!!No health insurance coverage",
"0500000US47001","Anderson County, Tennessee","74740","null","399","null","13916","null","1320","null","11761","null","1135","null","4041","null","536","null","9823","null","1041","null","2155","null","436","null","17393","null","1303","null","14916","1240","null","null","9048","null","917","null","9385","null","831","null","2477","null","527","null","14434","null","1205","null","13403","null","1186","null","10611","null","1088","null","5339","null","776","null","1031","null","280","null","10569","null","1028","null","10005","null","982","null","8751","null","891","null","2944","null","480","null","564","null","187","null","18428","null","1307","null","17679","null","1276","null","16158","null","1263","null","4133","null","540","null","749","null","269","null",
"0500000US47003","Bedford County, Tennessee","47743","null","155","null","6861","null","847","null","5624","null","678","null","2073","null","438","null","4493","null","600","null","1237","null","303","null","13021","null","1359","null","11398","1267","null","null","6568","null","1069","null","7222","null","948","null","1623","null","429","null","10158","null","1308","null","9166","null","1137","null","6909","null","963","null","3620","null","598","null","992","null","423","null","7538","null","1174","null","6939","null","1051","null","5564","null","863","null","2232","null","608","null","599","null","314","null","10165","null","1218","null","9248","null","1096","null","8334","null","998","null","1936","null","416","null","917","null","372","null",
"0500000US47005","Benton County, Tennessee","15949","null","99","null","4236","null","548","null","3692","null","492","null","1375","null","265","null","3189","null","447","null","544","null","157","null","4238","null","574","null","3751","520","null","null","2282","null","400","null","2369","null","422","null","487","null","147","null","3417","null","526","null","3160","null","503","null","2092","null","376","null","1534","null","391","null","257","null","161","null","2004","null","547","null","1963","null","545","null","1880","null","549","null","365","null","98","null","41","null","34","null","2054","null","479","null","1963","null","448","null","1653","null","399","null","567","null","174","null","91","null","76","null",
"0500000US47007","Bledsoe County, Tennessee","13622","null","170","null","3126","null","503","null","2375","null","399","null","640","null","200","null","2084","null","365","null","751","null","257","null","3013","null","613","null","2657","525","null","null","1491","null","297","null","1724","null","458","null","356","null","176","null","2508","null","540","null","2366","null","509","null","1585","null","333","null","1216","null","339","null","142","null","109","null","2445","null","559","null","2290","null","511","null","1712","null","472","null","673","null","304","null","155","null","126","null","2530","null","567","null","2273","null","512","null","1893","null","432","null","855","null","347","null","257","null","191","null",
"0500000US47009","Blount County, Tennessee","127737","null","328","null","17635","null","1228","null","14664","null","1025","null","5724","null","567","null","12074","null","959","null","2971","null","557","null","27699","null","1677","null","25118","1593","null","null","16403","null","1395","null","14302","null","1149","null","2581","null","501","null","24154","null","1696","null","21998","null","1515","null","17511","null","1317","null","9220","null","941","null","2156","null","500","null","21313","null","1759","null","19643","null","1633","null","17159","null","1514","null","5203","null","617","null","1670","null","453","null","36936","null","2075","null","35200","null","1950","null","32445","null","1903","null","6878","null","668","null","1736","null","416","null",
"0500000US47011","Bradley County, Tennessee","102474","null","415","null","17653","null","1385","null","14402","null","1280","null","5271","null","681","null","11673","null","1201","null","3251","null","554","null","24098","null","1762","null","20499","1511","null","null","12732","null","1003","null","11701","null","1164","null","3599","null","737","null","20086","null","1897","null","17818","null","1707","null","13911","null","1453","null","6790","null","972","null","2268","null","483","null","14467","null","1520","null","13640","null","1406","null","12409","null","1289","null","2971","null","626","null","827","null","283","null","26170","null","1715","null","24722","null","1680","null","22221","null","1565","null","5151","null","658","null","1448","null","460","null",
"0500000US47013","Campbell County, Tennessee","39120","null","269","null","9259","null","794","null","7844","null","646","null","2482","null","373","null","6822","null","596","null","1415","null","383","null","10464","null","1246","null","9008","1093","null","null","5023","null","645","null","6231","null","925","null","1456","null","321","null","7869","null","1099","null","6946","null","1037","null","4214","null","612","null","4028","null","812","null","923","null","350","null","5377","null","1026","null","5060","null","1009","null","4572","null","974","null","1168","null","279","null","317","null","136","null","6151","null","808","null","5794","null","786","null","5084","null","766","null","1586","null","438","null","357","null","165","null",
"0500000US47015","Cannon County, Tennessee","13977","null","120","null","2526","null","534","null","2127","null","441","null","653","null","201","null","1802","null","399","null","399","null","143","null","2596","null","473","null","2231","421","null","null","1626","null","338","null","997","null","227","null","365","null","217","null","3140","null","541","null","2819","null","462","null","2349","null","437","null","1130","null","236","null","321","null","174","null","2746","null","577","null","2558","null","571","null","2313","null","514","null","609","null","181","null","188","null","103","null","2969","null","444","null","2878","null","455","null","2684","null","449","null","504","null","172","null","91","null","111","null",
"0500000US47017","Carroll County, Tennessee","26957","null","192","null","6230","null","725","null","5329","null","663","null","1524","null","295","null","4698","null","646","null","901","null","246","null","6527","null","720","null","5797","656","null","null","3579","null","484","null","3502","null","483","null","730","null","185","null","5263","null","760","null","4844","null","654","null","3553","null","468","null","2119","null","386","null","419","null","179","null","4090","null","718","null","3807","null","688","null","3445","null","655","null","997","null","254","null","283","null","180","null","4847","null","660","null","4688","null","644","null","4349","null","618","null","871","null","218","null","159","null","74","null",
"0500000US47019","Carter County, Tennessee","54763","null","283","null","13999","null","1244","null","11543","null","1070","null","3418","null","400","null","10055","null","1024","null","2456","null","509","null","16024","null","1200","null","13542","1072","null","null","7434","null","704","null","8468","null","958","null","2482","null","439","null","10176","null","1106","null","9267","null","1019","null","7104","null","861","null","3817","null","510","null","909","null","293","null","5635","null","768","null","5304","null","749","null","4414","null","738","null","1563","null","299","null","331","null","166","null","8929","null","1065","null","8448","null","980","null","7483","null","907","null","1783","null","369","null","481","null","333","null",
"0500000US47021","Cheatham County, Tennessee","39784","null","142","null","4356","null","604","null","3887","null","584","null","1444","null","306","null","2963","null","503","null","469","null","187","null","7329","null","914","null","6070","723","null","null","3645","null","571","null","3497","null","507","null","1259","null","428","null","9396","null","1021","null","8676","null","961","null","6451","null","752","null","3198","null","684","null","720","null","246","null","7303","null","824","null","6488","null","802","null","5854","null","761","null","1419","null","353","null","815","null","354","null","11400","null","1105","null","10928","null","1039","null","10185","null","952","null","1461","null","343","null","472","null","228","null",
"0500000US47023","Chester County, Tennessee","15857","null","285","null","2829","null","524","null","2200","null","483","null","697","null","217","null","2061","null","467","null","629","null","264","null","3610","null","691","null","3114","539","null","null","1953","null","333","null","2091","null","422","null","496","null","250","null","3459","null","631","null","3002","null","555","null","2143","null","436","null","1400","null","334","null","457","null","239","null","2810","null","730","null","2296","null","632","null","2013","null","576","null","494","null","225","null","514","null","275","null","3149","null","636","null","3015","null","646","null","2939","null","651","null","235","null","96","null","134","null","138","null",
"0500000US47025","Claiborne County, Tennessee","30449","null","240","null","8168","null","667","null","7319","null","617","null","2844","null","385","null","5596","null","573","null","849","null","206","null","8296","null","727","null","7593","711","null","null","4331","null","502","null","4691","null","559","null","703","null","196","null","6380","null","928","null","5960","null","857","null","4739","null","727","null","2310","null","541","null","420","null","162","null","3383","null","643","null","3239","null","619","null","2698","null","549","null","1061","null","341","null","144","null","86","null","4222","null","752","null","4091","null","735","null","3855","null","727","null","625","null","157","null","131","null","99","null",
"0500000US47027","Clay County, Tennessee","7542","null","84","null","2394","null","395","null","1926","null","343","null","573","null","199","null","1740","null","314","null","468","null","193","null","1983","null","392","null","1702","348","null","null","959","null","260","null","1061","null","274","null","281","null","151","null","1554","null","382","null","1501","null","358","null","1077","null","291","null","593","null","239","null","53","null","51","null","916","null","355","null","882","null","343","null","740","null","328","null","235","null","169","null","34","null","43","null","695","null","241","null","683","null","237","null","625","null","230","null","152","null","95","null","12","null","21","null",
"0500000US47029","Cocke County, Tennessee","35205","null","76","null","10130","null","962","null","8684","null","848","null","2099","null","378","null","7561","null","775","null","1446","null","368","null","9487","null","1138","null","8281","1047","null","null","4738","null","644","null","4864","null","783","null","1206","null","355","null","6795","null","907","null","6087","null","812","null","4399","null","650","null","2707","null","486","null","708","null","235","null","4045","null","838","null","3573","null","740","null","2900","null","629","null","1437","null","392","null","472","null","261","null","4748","null","603","null","4654","null","593","null","4074","null","529","null","1232","null","299","null","94","null","87","null",
"0500000US47031","Coffee County, Tennessee","54376","null","200","null","8294","null","1054","null","7214","null","936","null","2793","null","450","null","6150","null","868","null","1080","null","272","null","14315","null","1324","null","12627","1254","null","null","7368","null","877","null","7511","null","972","null","1688","null","366","null","11573","null","1325","null","10444","null","1263","null","8413","null","1131","null","3799","null","621","null","1129","null","452","null","7074","null","1082","null","6669","null","1065","null","5970","null","1021","null","1778","null","402","null","405","null","208","null","13120","null","1513","null","12454","null","1338","null","11519","null","1201","null","2279","null","469","null","666","null","435","null",
"0500000US47033","Crockett County, Tennessee","14176","null","154","null","2517","null","374","null","2180","null","353","null","737","null","149","null","1821","null","330","null","337","null","124","null","4120","null","440","null","3546","397","null","null","1955","null","295","null","2186","null","329","null","574","null","117","null","2969","null","408","null","2681","null","360","null","2097","null","297","null","1205","null","212","null","288","null","111","null","2021","null","350","null","1846","null","313","null","1523","null","301","null","600","null","197","null","175","null","103","null","2549","null","397","null","2348","null","372","null","2100","null","353","null","559","null","151","null","201","null","96","null",
"0500000US47035","Cumberland County, Tennessee","58466","null","186","null","11350","null","1016","null","9852","null","899","null","3757","null","530","null","7967","null","793","null","1498","null","347","null","16309","null","1413","null","14370","1325","null","null","9324","null","1089","null","9448","null","907","null","1939","null","449","null","12626","null","1313","null","11595","null","1213","null","8855","null","1065","null","6238","null","637","null","1031","null","279","null","8883","null","1093","null","8516","null","1088","null","6870","null","919","null","3919","null","599","null","367","null","144","null","9298","null","1333","null","8521","null","1258","null","7502","null","1111","null","2576","null","557","null","777","null","395","null",
"0500000US47037","Davidson County, Tennessee","665543","null","989","null","96133","null","3324","null","79683","null","3023","null","29534","null","1734","null","59596","null","2891","null","16450","null","1315","null","139202","null","4793","null","115624","3871","null","null","73504","null","2881","null","55939","null","2569","null","23578","null","1952","null","122368","null","4766","null","105952","null","4389","null","85324","null","3622","null","32426","null","2456","null","16416","null","1606","null","98141","null","3843","null","88133","null","3397","null","76717","null","3172","null","20801","null","1591","null","10008","null","1147","null","209699","null","5076","null","196735","null","4580","null","181833","null","4310","null","31853","null","1661","null","12964","null","1524","null",
"0500000US47039","Decatur County, Tennessee","11444","null","129","null","2925","null","418","null","2456","null","393","null","592","null","180","null","2158","null","373","null","469","null","138","null","2742","null","405","null","2427","351","null","null","1366","null","265","null","1616","null","287","null","315","null","130","null","2405","null","479","null","2320","null","472","null","1718","null","402","null","882","null","294","null","85","null","76","null","1715","null","358","null","1571","null","330","null","1429","null","323","null","391","null","146","null","144","null","94","null","1657","null","345","null","1630","null","332","null","1490","null","320","null","354","null","96","null","27","null","28","null",
"0500000US47041","DeKalb County, Tennessee","19523","null","120","null","4206","null","796","null","3519","null","665","null","917","null","248","null","3007","null","584","null","687","null","271","null","4882","null","826","null","4054","709","null","null","2295","null","574","null","2729","null","634","null","828","null","256","null","3797","null","679","null","3622","null","649","null","2813","null","502","null","1344","null","359","null","175","null","112","null","2524","null","500","null","2416","null","488","null","2158","null","493","null","410","null","147","null","108","null","75","null","4114","null","661","null","3876","null","671","null","3540","null","641","null","837","null","250","null","238","null","217","null",
"0500000US47043","Dickson County, Tennessee","51933","null","177","null","7393","null","856","null","5829","null","738","null","2029","null","403","null","4838","null","721","null","1564","null","513","null","11903","null","1283","null","10058","1108","null","null","6426","null","800","null","5223","null","699","null","1845","null","525","null","11129","null","1406","null","10377","null","1324","null","7957","null","995","null","4235","null","794","null","752","null","202","null","8407","null","1209","null","7888","null","1159","null","7152","null","1044","null","1502","null","370","null","519","null","229","null","13101","null","1268","null","12065","null","1197","null","10986","null","1143","null","2094","null","394","null","1036","null","431","null",
"0500000US47045","Dyer County, Tennessee","36822","null","178","null","7958","null","1034","null","6772","null","864","null","2360","null","405","null","5685","null","805","null","1186","null","311","null","9184","null","1053","null","8474","1044","null","null","4400","null","688","null","5318","null","816","null","710","null","247","null","7630","null","1166","null","6695","null","1067","null","5516","null","912","null","2139","null","494","null","935","null","534","null","4557","null","845","null","4369","null","821","null","3597","null","681","null","1133","null","323","null","188","null","111","null","7493","null","1025","null","7138","null","981","null","6710","null","949","null","1182","null","288","null","355","null","234","null",
"0500000US47047","Fayette County, Tennessee","39540","null","196","null","6098","null","674","null","4941","null","511","null","1619","null","316","null","4048","null","475","null","1157","null","329","null","7209","null","696","null","6609","671","null","null","4286","null","565","null","3731","null","476","null","600","null","152","null","7938","null","788","null","7692","null","772","null","6286","null","684","null","2748","null","457","null","246","null","108","null","5588","null","629","null","5238","null","561","null","4383","null","506","null","1464","null","313","null","350","null","200","null","12707","null","817","null","12279","null","786","null","11296","null","743","null","2573","null","319","null","428","null","142","null",
"0500000US47049","Fentress County, Tennessee","18034","null","96","null","4192","null","564","null","3549","null","478","null","911","null","230","null","3041","null","453","null","643","null","220","null","6424","null","781","null","5994","757","null","null","2660","null","446","null","4300","null","787","null","430","null","158","null","3445","null","700","null","3262","null","713","null","2641","null","634","null","1058","null","313","null","183","null","84","null","2392","null","523","null","2331","null","521","null","1992","null","478","null","744","null","248","null","61","null","51","null","1581","null","395","null","1507","null","379","null","1419","null","372","null","376","null","156","null","74","null","61","null",
"0500000US47051","Franklin County, Tennessee","39681","null","246","null","6768","null","686","null","5895","null","581","null","2424","null","383","null","4689","null","523","null","873","null","239","null","8720","null","994","null","7805","947","null","null","4940","null","709","null","4787","null","569","null","915","null","323","null","8890","null","905","null","8275","null","879","null","6439","null","745","null","3091","null","537","null","615","null","262","null","6325","null","997","null","5770","null","893","null","4880","null","762","null","1651","null","367","null","555","null","329","null","8978","null","951","null","8383","null","938","null","7582","null","947","null","2151","null","363","null","595","null","206","null",
"0500000US47053","Gibson County, Tennessee","47981","null","267","null","9393","null","920","null","7869","null","817","null","2574","null","389","null","6757","null","715","null","1524","null","320","null","13205","null","1220","null","11922","1137","null","null","7915","null","907","null","6162","null","653","null","1283","null","392","null","9319","null","1043","null","8709","null","973","null","6711","null","797","null","3441","null","596","null","610","null","249","null","6072","null","927","null","5807","null","897","null","5139","null","860","null","1524","null","339","null","265","null","139","null","9992","null","1077","null","9510","null","1081","null","8505","null","1049","null","1764","null","438","null","482","null","239","null",
"0500000US47055","Giles County, Tennessee","28454","null","126","null","5205","null","675","null","4280","null","604","null","1568","null","307","null","3500","null","539","null","925","null","278","null","6501","null","741","null","5687","671","null","null","3710","null","529","null","3473","null","540","null","814","null","197","null","6595","null","764","null","6110","null","743","null","5062","null","712","null","2312","null","390","null","485","null","177","null","4045","null","733","null","3945","null","724","null","3263","null","610","null","1455","null","391","null","100","null","62","null","6108","null","804","null","5802","null","752","null","5199","null","708","null","1239","null","259","null","306","null","156","null",
"0500000US47057","Grainger County, Tennessee","22953","null","87","null","5087","null","687","null","4452","null","597","null","1054","null","270","null","3941","null","566","null","635","null","216","null","5917","null","699","null","5176","645","null","null","2661","null","368","null","3430","null","531","null","741","null","230","null","5050","null","702","null","4641","null","673","null","3129","null","453","null","2215","null","485","null","409","null","175","null","3480","null","623","null","3070","null","578","null","2573","null","494","null","882","null","290","null","410","null","172","null","3419","null","520","null","3335","null","509","null","3061","null","480","null","573","null","190","null","84","null","76","null",
"0500000US47059","Greene County, Tennessee","66705","null","296","null","14509","null","1210","null","12137","null","1067","null","4888","null","686","null","10159","null","929","null","2372","null","462","null","17900","null","1451","null","15742","1281","null","null","8575","null","890","null","10311","null","960","null","2158","null","449","null","12295","null","1090","null","11582","null","1050","null","8920","null","832","null","4536","null","586","null","713","null","255","null","9741","null","1345","null","9323","null","1305","null","7122","null","828","null","3340","null","830","null","418","null","180","null","12260","null","1327","null","11651","null","1268","null","10706","null","1203","null","2598","null","425","null","609","null","267","null",
"0500000US47061","Grundy County, Tennessee","13157","null","126","null","3425","null","436","null","2647","null","392","null","429","null","92","null","2475","null","395","null","778","null","187","null","3309","null","428","null","2738","349","null","null","1406","null","225","null","1803","null","300","null","571","null","155","null","2425","null","391","null","2097","null","333","null","1628","null","283","null","711","null","179","null","328","null","197","null","1894","null","328","null","1730","null","281","null","1458","null","239","null","491","null","159","null","164","null","94","null","2104","null","437","null","2020","null","431","null","1800","null","407","null","568","null","292","null","84","null","60","null",
"0500000US47063","Hamblen County, Tennessee","63192","null","217","null","12565","null","1180","null","9717","null","975","null","2937","null","484","null","8463","null","922","null","2848","null","645","null","17532","null","1555","null","15268","1334","null","null","7762","null","843","null","10730","null","1139","null","2264","null","558","null","12599","null","1481","null","11668","null","1408","null","8582","null","1074","null","4822","null","847","null","931","null","381","null","9204","null","1096","null","8581","null","1041","null","7488","null","918","null","2053","null","445","null","623","null","317","null","11292","null","1383","null","10950","null","1336","null","9745","null","1164","null","2357","null","695","null","342","null","174","null",
"0500000US47065","Hamilton County, Tennessee","348997","null","666","null","53504","null","2625","null","45253","null","2228","null","18393","null","1183","null","33937","null","2034","null","8251","null","955","null","74851","null","3141","null","65802","2835","null","null","42257","null","2046","null","34378","null","1915","null","9049","null","980","null","62088","null","3216","null","55659","null","3005","null","45502","null","2563","null","18866","null","1376","null","6429","null","924","null","48712","null","2646","null","45579","null","2585","null","39243","null","2389","null","12418","null","1547","null","3133","null","584","null","109842","null","3558","null","106451","null","3533","null","99645","null","3503","null","17329","null","1151","null","3391","null","708","null",
"0500000US47067","Hancock County, Tennessee","6407","null","86","null","2032","null","294","null","1752","null","293","null","445","null","135","null","1591","null","279","null","280","null","117","null","1799","null","327","null","1624","292","null","null","947","null","193","null","965","null","256","null","175","null","92","null","872","null","240","null","747","null","215","null","550","null","185","null","332","null","124","null","125","null","69","null","798","null","236","null","688","null","205","null","497","null","178","null","312","null","123","null","110","null","61","null","906","null","250","null","906","null","250","null","669","null","223","null","401","null","146","null","0","null","17","null",
"0500000US47069","Hardeman County, Tennessee","21399","null","281","null","4841","null","643","null","4363","null","623","null","1493","null","258","null","3555","null","553","null","478","null","168","null","7057","null","936","null","6036","810","null","null","3369","null","539","null","3482","null","606","null","1021","null","303","null","4267","null","762","null","3876","null","739","null","3043","null","634","null","1353","null","370","null","391","null","159","null","2609","null","532","null","2532","null","523","null","1986","null","400","null","918","null","336","null","77","null","41","null","2625","null","390","null","2444","null","394","null","2177","null","356","null","701","null","202","null","181","null","139","null",
"0500000US47071","Hardin County, Tennessee","25213","null","165","null","5695","null","719","null","4845","null","632","null","1534","null","272","null","4144","null","615","null","850","null","287","null","6961","null","817","null","6126","741","null","null","3326","null","495","null","4155","null","562","null","835","null","241","null","4860","null","807","null","4225","null","806","null","2653","null","600","null","2202","null","545","null","635","null","239","null","3344","null","726","null","2912","null","713","null","2112","null","513","null","1285","null","453","null","432","null","201","null","4353","null","576","null","4247","null","568","null","3761","null","569","null","953","null","210","null","106","null","79","null",
"0500000US47073","Hawkins County, Tennessee","55941","null","173","null","13106","null","1106","null","11175","null","966","null","3287","null","503","null","9509","null","854","null","1931","null","421","null","15184","null","1168","null","13736","1010","null","null","8129","null","802","null","8492","null","770","null","1448","null","352","null","11960","null","1139","null","11062","null","1065","null","8359","null","949","null","4765","null","583","null","898","null","272","null","6645","null","840","null","6237","null","794","null","5568","null","742","null","1632","null","347","null","408","null","185","null","9046","null","1001","null","8730","null","986","null","7852","null","840","null","2059","null","413","null","316","null","149","null",
"0500000US47075","Haywood County, Tennessee","17395","null","138","null","4212","null","505","null","3328","null","446","null","819","null","260","null","2841","null","400","null","884","null","243","null","4630","null","658","null","4246","654","null","null","2169","null","382","null","2706","null","521","null","384","null","183","null","4112","null","590","null","3711","null","536","null","2901","null","422","null","1459","null","346","null","401","null","176","null","2281","null","457","null","2121","null","405","null","1690","null","346","null","743","null","269","null","160","null","128","null","2160","null","430","null","2071","null","425","null","1908","null","407","null","402","null","135","null","89","null","69","null",
"0500000US47077","Henderson County, Tennessee","27590","null","133","null","5595","null","744","null","4707","null","654","null","1340","null","304","null","4055","null","589","null","888","null","251","null","7102","null","980","null","6358","908","null","null","3034","null","567","null","4255","null","662","null","744","null","236","null","5652","null","986","null","5313","null","958","null","4040","null","740","null","1990","null","506","null","339","null","175","null","4442","null","991","null","4250","null","933","null","3335","null","768","null","1362","null","453","null","192","null","144","null","4799","null","829","null","4575","null","766","null","4127","null","750","null","1066","null","341","null","224","null","316","null",
"0500000US47079","Henry County, Tennessee","31687","null","126","null","8035","null","883","null","7278","null","862","null","2957","null","607","null","5807","null","781","null","757","null","237","null","8601","null","938","null","7771","853","null","null","4755","null","603","null","4939","null","717","null","830","null","253","null","6282","null","838","null","5573","null","837","null","4378","null","744","null","2242","null","371","null","709","null","351","null","3194","null","582","null","2916","null","524","null","2506","null","476","null","1038","null","263","null","278","null","120","null","5575","null","839","null","5352","null","834","null","4841","null","792","null","1235","null","339","null","223","null","134","null",
"0500000US47081","Hickman County, Tennessee","23047","null","259","null","3990","null","775","null","3304","null","623","null","1018","null","252","null","2795","null","619","null","686","null","263","null","6597","null","819","null","6029","783","null","null","3627","null","678","null","3429","null","556","null","568","null","234","null","4723","null","850","null","4391","null","802","null","2927","null","608","null","2064","null","588","null","332","null","151","null","3157","null","758","null","3023","null","745","null","2392","null","598","null","833","null","423","null","134","null","91","null","4580","null","654","null","4341","null","631","null","3685","null","552","null","1111","null","299","null","239","null","134","null",
"0500000US47083","Houston County, Tennessee","7936","null","156","null","1552","null","307","null","1216","null","226","null","415","null","114","null","1028","null","208","null","336","null","153","null","2176","null","392","null","1872","338","null","null","1031","null","218","null","1334","null","318","null","304","null","135","null","1776","null","389","null","1733","null","383","null","1395","null","300","null","628","null","173","null","43","null","32","null","1223","null","428","null","1180","null","415","null","996","null","357","null","381","null","131","null","43","null","36","null","1209","null","362","null","1177","null","354","null","1049","null","336","null","249","null","109","null","32","null","31","null",
"0500000US47085","Humphreys County, Tennessee","18188","null","67","null","3255","null","539","null","2772","null","484","null","1026","null","203","null","2375","null","491","null","483","null","192","null","4824","null","688","null","4485","672","null","null","3167","null","595","null","2279","null","415","null","339","null","119","null","2980","null","654","null","2762","null","588","null","2327","null","518","null","885","null","218","null","218","null","162","null","3316","null","573","null","3215","null","579","null","2545","null","497","null","1353","null","402","null","101","null","71","null","3813","null","700","null","3552","null","666","null","3291","null","626","null","779","null","244","null","261","null","231","null",
"0500000US47087","Jackson County, Tennessee","11450","null","90","null","2877","null","317","null","2483","null","291","null","778","null","166","null","2157","null","286","null","394","null","149","null","3220","null","504","null","2719","390","null","null","1775","null","337","null","1546","null","292","null","501","null","269","null","2177","null","445","null","1945","null","410","null","1419","null","360","null","860","null","233","null","232","null","96","null","1833","null","425","null","1727","null","416","null","1495","null","356","null","377","null","144","null","106","null","75","null","1343","null","389","null","1300","null","379","null","1158","null","359","null","321","null","161","null","43","null","45","null",
"0500000US47089","Jefferson County, Tennessee","51731","null","291","null","8550","null","911","null","6914","null","798","null","2509","null","449","null","5486","null","691","null","1636","null","374","null","12901","null","1153","null","11547","1068","null","null","6356","null","763","null","7587","null","903","null","1354","null","329","null","10986","null","1325","null","9966","null","1214","null","7408","null","1091","null","4233","null","689","null","1020","null","386","null","7165","null","1100","null","6625","null","1059","null","5096","null","858","null","2279","null","529","null","540","null","258","null","12129","null","1311","null","11408","null","1254","null","9910","null","1105","null","2506","null","521","null","721","null","231","null",
"0500000US47091","Johnson County, Tennessee","15741","null","237","null","4589","null","672","null","3803","null","552","null","815","null","188","null","3507","null","544","null","786","null","299","null","4821","null","548","null","4285","512","null","null","2190","null","342","null","2824","null","473","null","536","null","204","null","2235","null","522","null","1991","null","482","null","1576","null","428","null","795","null","243","null","244","null","129","null","1856","null","488","null","1764","null","465","null","1643","null","453","null","427","null","143","null","92","null","62","null","2240","null","506","null","2124","null","488","null","1847","null","501","null","677","null","245","null","116","null","71","null",
"0500000US47093","Knox County, Tennessee","449295","null","1337","null","71442","null","2357","null","60104","null","2204","null","25206","null","1582","null","43003","null","1602","null","11338","null","961","null","88163","null","2937","null","77559","2847","null","null","50879","null","2255","null","39718","null","1931","null","10604","null","1061","null","80533","null","2891","null","74136","null","2508","null","60737","null","2301","null","24619","null","1341","null","6397","null","746","null","68234","null","3190","null","65212","null","2969","null","59096","null","2815","null","14217","null","1189","null","3022","null","564","null","140923","null","3746","null","137316","null","3673","null","128820","null","3489","null","20999","null","1319","null","3607","null","562","null",
"0500000US47095","Lake County, Tennessee","4603","null","212","null","1592","null","219","null","1453","null","207","null","284","null","98","null","1360","null","209","null","139","null","62","null","913","null","209","null","778","189","null","null","489","null","150","null","477","null","130","null","135","null","67","null","761","null","202","null","598","null","168","null","479","null","141","null","251","null","79","null","163","null","102","null","746","null","201","null","684","null","179","null","638","null","180","null","122","null","47","null","62","null","66","null","591","null","203","null","569","null","198","null","437","null","164","null","189","null","98","null","22","null","32","null",
"0500000US47097","Lauderdale County, Tennessee","23141","null","226","null","5571","null","607","null","4810","null","578","null","1453","null","306","null","4113","null","528","null","761","null","210","null","6807","null","607","null","6122","547","null","null","3288","null","390","null","3916","null","451","null","685","null","167","null","4693","null","603","null","4124","null","539","null","3060","null","432","null","1646","null","336","null","569","null","218","null","3100","null","514","null","2983","null","507","null","2677","null","504","null","597","null","118","null","117","null","88","null","2970","null","515","null","2838","null","511","null","2592","null","506","null","598","null","144","null","132","null","79","null",
"0500000US47099","Lawrence County, Tennessee","42894","null","127","null","8612","null","826","null","6862","null","596","null","2170","null","340","null","6215","null","548","null","1750","null","589","null","11253","null","1082","null","9512","804","null","null","5889","null","508","null","6108","null","571","null","1741","null","525","null","9833","null","974","null","8655","null","876","null","6602","null","748","null","3191","null","524","null","1178","null","351","null","5528","null","961","null","5232","null","909","null","4705","null","786","null","1087","null","322","null","296","null","135","null","7668","null","1094","null","7149","null","1048","null","6106","null","906","null","1766","null","456","null","519","null","239","null",
"0500000US47101","Lewis County, Tennessee","11774","null","123","null","2740","null","608","null","2415","null","556","null","707","null","239","null","2058","null","522","null","325","null","163","null","3456","null","704","null","3079","631","null","null","1675","null","432","null","1976","null","485","null","377","null","164","null","2252","null","634","null","2040","null","540","null","1704","null","487","null","794","null","260","null","212","null","230","null","1642","null","532","null","1478","null","496","null","1322","null","457","null","381","null","174","null","164","null","117","null","1684","null","626","null","1576","null","610","null","1395","null","573","null","356","null","186","null","108","null","72","null",
"0500000US47103","Lincoln County, Tennessee","33545","null","199","null","5268","null","662","null","4227","null","514","null","2060","null","329","null","3284","null","465","null","1041","null","323","null","9466","null","1035","null","8652","985","null","null","5013","null","663","null","4935","null","810","null","814","null","268","null","6192","null","865","null","5672","null","761","null","4651","null","665","null","2038","null","408","null","520","null","260","null","5088","null","916","null","4828","null","843","null","4024","null","755","null","1449","null","337","null","260","null","197","null","7531","null","792","null","7345","null","782","null","6843","null","747","null","1432","null","287","null","186","null","128","null",
"0500000US47105","Loudon County, Tennessee","51893","null","133","null","6726","null","850","null","5717","null","732","null","2149","null","403","null","4771","null","708","null","1009","null","251","null","11004","null","1105","null","9502","939","null","null","6071","null","791","null","6058","null","733","null","1502","null","433","null","11676","null","1128","null","10285","null","974","null","7929","null","876","null","4302","null","647","null","1391","null","463","null","7884","null","1088","null","7060","null","944","null","6439","null","917","null","2203","null","413","null","824","null","427","null","14603","null","1228","null","13988","null","1264","null","12640","null","1140","null","4132","null","643","null","615","null","315","null",
"0500000US47107","McMinn County, Tennessee","51797","null","198","null","11761","null","1142","null","9928","null","960","null","2984","null","479","null","8329","null","892","null","1833","null","423","null","12516","null","1181","null","10922","1086","null","null","6311","null","772","null","6932","null","839","null","1594","null","369","null","9840","null","1115","null","8946","null","1080","null","6994","null","919","null","3798","null","618","null","894","null","307","null","6469","null","1109","null","5902","null","1024","null","4991","null","896","null","1846","null","582","null","567","null","267","null","11211","null","1255","null","10605","null","1142","null","9208","null","1029","null","2575","null","685","null","606","null","284","null",
"0500000US47109","McNairy County, Tennessee","25491","null","171","null","6198","null","830","null","5209","null","723","null","1435","null","279","null","4591","null","652","null","989","null","219","null","7039","null","703","null","6155","584","null","null","3236","null","399","null","4092","null","443","null","884","null","230","null","5529","null","758","null","5115","null","706","null","3966","null","614","null","1807","null","320","null","414","null","192","null","3041","null","475","null","2784","null","457","null","2389","null","395","null","776","null","192","null","257","null","102","null","3684","null","614","null","3478","null","612","null","3271","null","595","null","479","null","176","null","206","null","94","null",
"0500000US47111","Macon County, Tennessee","23453","null","145","null","4594","null","866","null","3650","null","779","null","1121","null","280","null","3165","null","720","null","944","null","277","null","6675","null","902","null","5937","797","null","null","3172","null","564","null","3913","null","691","null","738","null","275","null","4025","null","751","null","3529","null","682","null","2759","null","552","null","1037","null","484","null","496","null","277","null","4130","null","802","null","3974","null","751","null","3604","null","692","null","884","null","367","null","156","null","137","null","4029","null","765","null","3787","null","746","null","3376","null","698","null","865","null","308","null","242","null","149","null",
"0500000US47113","Madison County, Tennessee","93697","null","325","null","19771","null","1408","null","17311","null","1334","null","5281","null","703","null","13902","null","1136","null","2460","null","464","null","21282","null","1376","null","18442","1351","null","null","11708","null","1062","null","9768","null","904","null","2840","null","631","null","18495","null","1703","null","16939","null","1657","null","12356","null","1387","null","6971","null","941","null","1556","null","307","null","11668","null","1518","null","10877","null","1434","null","9113","null","1170","null","3378","null","622","null","791","null","362","null","22481","null","1741","null","21652","null","1700","null","19385","null","1569","null","4157","null","597","null","829","null","324","null",
"0500000US47115","Marion County, Tennessee","28219","null","141","null","5053","null","612","null","4408","null","553","null","1682","null","312","null","3584","null","489","null","645","null","187","null","6673","null","792","null","5789","711","null","null","3286","null","507","null","3772","null","584","null","884","null","259","null","6555","null","1000","null","6146","null","939","null","5053","null","828","null","2013","null","377","null","409","null","160","null","3914","null","800","null","3753","null","765","null","3311","null","675","null","915","null","287","null","161","null","104","null","6024","null","916","null","5836","null","864","null","5539","null","847","null","1288","null","307","null","188","null","118","null",
"0500000US47117","Marshall County, Tennessee","32508","null","204","null","4528","null","590","null","3800","null","503","null","1399","null","299","null","3182","null","483","null","728","null","260","null","8390","null","947","null","7648","909","null","null","4996","null","653","null","4411","null","760","null","742","null","210","null","7548","null","891","null","7105","null","805","null","5733","null","659","null","2333","null","493","null","443","null","209","null","4774","null","904","null","4513","null","865","null","4078","null","839","null","692","null","216","null","261","null","161","null","7268","null","969","null","6999","null","965","null","6249","null","830","null","1475","null","376","null","269","null","133","null",
"0500000US47119","Maury County, Tennessee","90735","null","228","null","11503","null","975","null","10026","null","890","null","3614","null","522","null","8019","null","826","null","1477","null","394","null","18590","null","1373","null","16662","1212","null","null","10590","null","946","null","9758","null","806","null","1928","null","506","null","19129","null","1885","null","16787","null","1683","null","13724","null","1387","null","5472","null","912","null","2342","null","572","null","15366","null","1668","null","14408","null","1643","null","13052","null","1534","null","3035","null","596","null","958","null","415","null","26147","null","1808","null","24982","null","1858","null","23157","null","1783","null","4173","null","585","null","1165","null","375","null",
"0500000US47121","Meigs County, Tennessee","11997","null","60","null","2072","null","358","null","1703","null","312","null","527","null","131","null","1534","null","300","null","369","null","118","null","3126","null","432","null","2862","438","null","null","1683","null","390","null","1700","null","275","null","264","null","94","null","2527","null","415","null","2268","null","388","null","1662","null","328","null","1018","null","225","null","259","null","120","null","2037","null","420","null","1764","null","372","null","1413","null","308","null","525","null","188","null","273","null","199","null","2235","null","400","null","2157","null","386","null","1970","null","368","null","436","null","150","null","78","null","44","null",
"0500000US47123","Monroe County, Tennessee","45458","null","173","null","9311","null","1055","null","7781","null","957","null","2595","null","430","null","6653","null","893","null","1530","null","368","null","12551","null","1412","null","11197","1343","null","null","5781","null","824","null","7436","null","1048","null","1354","null","300","null","9293","null","1102","null","8691","null","1047","null","6795","null","950","null","3250","null","652","null","602","null","281","null","6776","null","1114","null","6443","null","1076","null","5318","null","931","null","2303","null","592","null","333","null","172","null","7527","null","1047","null","7152","null","964","null","6691","null","877","null","1435","null","448","null","375","null","184","null",
"0500000US47125","Montgomery County, Tennessee","184847","null","850","null","25349","null","1526","null","21667","null","1338","null","10687","null","939","null","14077","null","1176","null","3682","null","631","null","42267","null","2377","null","38523","2252","null","null","26696","null","1959","null","17455","null","1571","null","3744","null","590","null","37047","null","2637","null","34579","null","2551","null","28690","null","2355","null","11610","null","1354","null","2468","null","418","null","30196","null","1872","null","28622","null","1839","null","25773","null","1725","null","7300","null","1019","null","1574","null","369","null","49988","null","2629","null","46693","null","2563","null","42535","null","2316","null","12031","null","1333","null","3295","null","718","null",
"0500000US47127","Moore County, Tennessee","6275","null","63","null","738","null","211","null","605","null","196","null","351","null","158","null","414","null","137","null","133","null","78","null","1447","null","447","null","1380","435","null","null","900","null","333","null","784","null","300","null","67","null","41","null","1425","null","367","null","1122","null","317","null","871","null","250","null","437","null","227","null","303","null","203","null","796","null","233","null","756","null","219","null","673","null","196","null","185","null","92","null","40","null","46","null","1869","null","355","null","1817","null","349","null","1608","null","315","null","384","null","174","null","52","null","38","null",
"0500000US47129","Morgan County, Tennessee","18685","null","288","null","4400","null","604","null","3848","null","564","null","971","null","232","null","3457","null","544","null","552","null","184","null","5463","null","697","null","4930","672","null","null","2569","null","456","null","3206","null","524","null","533","null","194","null","3427","null","534","null","3240","null","523","null","2448","null","409","null","1368","null","321","null","187","null","114","null","2474","null","562","null","2275","null","556","null","2095","null","511","null","421","null","155","null","199","null","158","null","2921","null","516","null","2494","null","492","null","2364","null","487","null","320","null","109","null","427","null","190","null",
"0500000US47131","Obion County, Tennessee","29824","null","141","null","7610","null","743","null","6180","null","601","null","2535","null","392","null","4756","null","487","null","1430","null","312","null","8580","null","785","null","7896","709","null","null","4760","null","477","null","4987","null","551","null","684","null","198","null","5153","null","534","null","4943","null","530","null","4135","null","503","null","1765","null","275","null","210","null","109","null","3982","null","568","null","3819","null","547","null","3154","null","531","null","1163","null","290","null","163","null","100","null","4499","null","560","null","4227","null","536","null","3906","null","525","null","817","null","176","null","272","null","109","null",
"0500000US47133","Overton County, Tennessee","21757","null","139","null","4880","null","641","null","4341","null","598","null","1649","null","374","null","3476","null","486","null","539","null","176","null","5754","null","710","null","5109","678","null","null","2943","null","487","null","3090","null","485","null","645","null","220","null","4839","null","614","null","4517","null","586","null","3445","null","512","null","1694","null","343","null","322","null","158","null","2575","null","644","null","2455","null","605","null","2170","null","552","null","507","null","192","null","120","null","86","null","3709","null","673","null","3471","null","595","null","3009","null","487","null","683","null","282","null","238","null","186","null",
"0500000US47135","Perry County, Tennessee","7804","null","114","null","1973","null","445","null","1510","null","385","null","332","null","114","null","1388","null","367","null","463","null","235","null","2103","null","409","null","1779","371","null","null","704","null","215","null","1445","null","346","null","324","null","142","null","1634","null","322","null","1330","null","305","null","913","null","262","null","500","null","177","null","304","null","187","null","907","null","279","null","881","null","276","null","807","null","287","null","212","null","106","null","26","null","29","null","1187","null","439","null","1047","null","387","null","860","null","332","null","296","null","173","null","140","null","143","null",
"0500000US47137","Pickett County, Tennessee","4999","null","88","null","1111","null","290","null","1048","null","275","null","282","null","108","null","959","null","264","null","63","null","49","null","1839","null","442","null","1781","436","null","null","866","null","232","null","1262","null","377","null","58","null","52","null","848","null","310","null","815","null","308","null","583","null","280","null","412","null","163","null","33","null","34","null","325","null","165","null","323","null","164","null","317","null","163","null","169","null","123","null","2","null","5","null","876","null","348","null","832","null","345","null","764","null","336","null","161","null","94","null","44","null","57","null",
"0500000US47139","Polk County, Tennessee","16548","null","118","null","3056","null","396","null","2549","null","384","null","924","null","236","null","2101","null","331","null","507","null","155","null","4756","null","494","null","4172","426","null","null","2375","null","340","null","2399","null","349","null","584","null","291","null","3149","null","443","null","2957","null","422","null","2180","null","341","null","1319","null","278","null","192","null","97","null","2534","null","531","null","2208","null","482","null","1812","null","439","null","660","null","199","null","326","null","157","null","3053","null","587","null","2819","null","556","null","2562","null","522","null","559","null","167","null","234","null","141","null",
"0500000US47141","Putnam County, Tennessee","74171","null","315","null","16730","null","1368","null","14580","null","1210","null","7035","null","774","null","9809","null","1069","null","2150","null","490","null","18425","null","1563","null","16720","1456","null","null","10532","null","938","null","8866","null","1117","null","1705","null","357","null","13997","null","1361","null","13067","null","1328","null","10617","null","1151","null","4936","null","716","null","930","null","287","null","9159","null","1129","null","8579","null","1063","null","7544","null","980","null","2372","null","432","null","580","null","241","null","15860","null","1485","null","15029","null","1538","null","13694","null","1396","null","3076","null","576","null","831","null","344","null",
"0500000US47143","Rhea County, Tennessee","31804","null","229","null","6964","null","937","null","6048","null","840","null","1803","null","375","null","5187","null","815","null","916","null","330","null","8185","null","1093","null","6989","973","null","null","4268","null","668","null","4213","null","747","null","1196","null","325","null","6038","null","933","null","5699","null","944","null","4032","null","756","null","2738","null","654","null","339","null","195","null","4297","null","652","null","3983","null","606","null","3657","null","634","null","868","null","200","null","314","null","186","null","6320","null","865","null","6030","null","792","null","5446","null","733","null","1234","null","306","null","290","null","220","null",
"0500000US47145","Roane County, Tennessee","52274","null","172","null","8874","null","1068","null","7724","null","927","null","2291","null","383","null","6922","null","941","null","1150","null","378","null","11084","null","1184","null","9723","1060","null","null","6097","null","760","null","6136","null","841","null","1361","null","404","null","10053","null","1320","null","9256","null","1296","null","6849","null","1073","null","4744","null","822","null","797","null","280","null","7914","null","992","null","7529","null","944","null","6392","null","841","null","2658","null","547","null","385","null","183","null","14349","null","1487","null","13965","null","1413","null","13120","null","1397","null","2967","null","497","null","384","null","213","null",
"0500000US47147","Robertson County, Tennessee","69192","null","275","null","8027","null","987","null","6578","null","868","null","2560","null","614","null","4992","null","576","null","1449","null","400","null","13738","null","1383","null","12497","1298","null","null","7510","null","875","null","6950","null","893","null","1241","null","303","null","14819","null","1211","null","13639","null","1109","null","10577","null","1047","null","4679","null","544","null","1180","null","275","null","10771","null","1163","null","10105","null","1104","null","8655","null","938","null","2368","null","497","null","666","null","248","null","21837","null","1516","null","20454","null","1481","null","18669","null","1416","null","3687","null","546","null","1383","null","418","null",
"0500000US47149","Rutherford County, Tennessee","310568","null","447","null","30134","null","2120","null","25600","null","1928","null","11808","null","1194","null","16776","null","1712","null","4534","null","708","null","57833","null","3163","null","50462","2772","null","null","34583","null","2447","null","23076","null","1821","null","7371","null","995","null","63443","null","3393","null","57488","null","3152","null","48851","null","3113","null","15293","null","1196","null","5955","null","1046","null","57446","null","2861","null","53599","null","2711","null","47856","null","2500","null","10671","null","1240","null","3847","null","772","null","101712","null","3191","null","96800","null","3093","null","90353","null","2870","null","14175","null","1135","null","4912","null","798","null",
"0500000US47151","Scott County, Tennessee","21611","null","86","null","6043","null","757","null","5326","null","679","null","1107","null","268","null","5042","null","669","null","717","null","220","null","5002","null","833","null","4307","684","null","null","2247","null","382","null","2895","null","544","null","695","null","224","null","5619","null","996","null","5277","null","945","null","3980","null","748","null","1911","null","531","null","342","null","129","null","1890","null","511","null","1698","null","452","null","1320","null","411","null","624","null","211","null","192","null","139","null","3057","null","707","null","2755","null","614","null","2398","null","530","null","615","null","285","null","302","null","210","null",
"0500000US47153","Sequatchie County, Tennessee","14579","null","77","null","3334","null","600","null","2611","null","468","null","483","null","152","null","2372","null","444","null","723","null","346","null","3069","null","690","null","2599","556","null","null","1546","null","414","null","1585","null","357","null","470","null","283","null","2834","null","601","null","2653","null","564","null","2108","null","455","null","1222","null","368","null","181","null","103","null","2936","null","676","null","2682","null","589","null","2097","null","464","null","878","null","327","null","254","null","148","null","2406","null","515","null","2348","null","504","null","2164","null","510","null","641","null","167","null","58","null","49","null",
"0500000US47155","Sevier County, Tennessee","95774","null","325","null","15262","null","1238","null","11917","null","1073","null","4298","null","588","null","9537","null","999","null","3345","null","497","null","25698","null","1919","null","20586","1544","null","null","10874","null","866","null","12966","null","1413","null","5112","null","708","null","22789","null","2023","null","19635","null","1705","null","14143","null","1236","null","8530","null","1145","null","3154","null","702","null","14512","null","1673","null","12688","null","1464","null","10338","null","1313","null","4727","null","922","null","1824","null","739","null","17513","null","1947","null","16394","null","1764","null","14142","null","1471","null","4600","null","984","null","1119","null","432","null",
"0500000US47157","Shelby County, Tennessee","917393","null","1012","null","185971","null","5151","null","153512","null","4592","null","52618","null","2511","null","119906","null","3837","null","32459","null","1990","null","200230","null","6243","null","167735","5080","null","null","101699","null","3577","null","88912","null","3745","null","32495","null","2509","null","157283","null","5557","null","138408","null","5309","null","107543","null","4301","null","49362","null","3187","null","18875","null","1804","null","114518","null","5011","null","103668","null","4415","null","88702","null","4000","null","28186","null","2076","null","10850","null","1473","null","259391","null","5679","null","248492","null","5595","null","229493","null","5494","null","44182","null","2306","null","10899","null","1349","null",
"0500000US47159","Smith County, Tennessee","19541","null","119","null","3683","null","582","null","3293","null","552","null","887","null","212","null","2842","null","519","null","390","null","172","null","5228","null","574","null","4795","543","null","null","2976","null","418","null","2700","null","436","null","433","null","129","null","3152","null","503","null","2920","null","468","null","2392","null","376","null","899","null","245","null","232","null","99","null","2708","null","465","null","2482","null","414","null","2086","null","347","null","646","null","197","null","226","null","150","null","4770","null","676","null","4575","null","647","null","3950","null","585","null","1126","null","336","null","195","null","104","null",
"0500000US47161","Stewart County, Tennessee","13218","null","123","null","2238","null","360","null","1901","null","316","null","646","null","172","null","1674","null","300","null","337","null","149","null","3376","null","581","null","3198","568","null","null","1787","null","343","null","2148","null","453","null","178","null","166","null","2970","null","576","null","2641","null","549","null","2434","null","544","null","714","null","223","null","329","null","167","null","1856","null","504","null","1850","null","505","null","1384","null","361","null","772","null","343","null","6","null","9","null","2778","null","653","null","2589","null","623","null","2328","null","588","null","549","null","219","null","189","null","136","null",
"0500000US47163","Sullivan County, Tennessee","154310","null","334","null","29390","null","1369","null","25560","null","1228","null","7528","null","558","null","22479","null","1120","null","3830","null","513","null","39358","null","1821","null","34992","1762","null","null","21175","null","1343","null","21760","null","1376","null","4366","null","586","null","31418","null","1930","null","29038","null","1826","null","22480","null","1462","null","12013","null","1109","null","2380","null","396","null","20738","null","1342","null","19585","null","1298","null","16900","null","1269","null","6089","null","595","null","1153","null","264","null","33406","null","1832","null","32396","null","1773","null","29240","null","1652","null","7487","null","736","null","1010","null","312","null",
"0500000US47165","Sumner County, Tennessee","181733","null","299","null","17073","null","1293","null","14627","null","1054","null","5965","null","712","null","11304","null","941","null","2446","null","464","null","33260","null","2210","null","29005","1859","null","null","16735","null","1151","null","17422","null","1438","null","4255","null","738","null","35065","null","2070","null","31344","null","1837","null","24334","null","1669","null","10671","null","1096","null","3721","null","688","null","29896","null","2154","null","27658","null","2022","null","24103","null","1749","null","6774","null","802","null","2238","null","600","null","66439","null","2692","null","63666","null","2503","null","58275","null","2283","null","10938","null","967","null","2773","null","574","null",
"0500000US47167","Tipton County, Tennessee","60450","null","214","null","7601","null","955","null","6311","null","863","null","2035","null","472","null","5292","null","801","null","1290","null","304","null","12510","null","1280","null","10772","1168","null","null","6763","null","852","null","5994","null","827","null","1738","null","361","null","11962","null","1366","null","10976","null","1331","null","8461","null","1060","null","4527","null","895","null","986","null","300","null","9339","null","1213","null","8635","null","1108","null","7821","null","1004","null","2237","null","419","null","704","null","309","null","19038","null","1509","null","18225","null","1413","null","17110","null","1393","null","2996","null","435","null","813","null","320","null",
"0500000US47169","Trousdale County, Tennessee","9307","null","338","null","1201","null","348","null","981","null","320","null","376","null","191","null","797","null","267","null","220","null","135","null","1745","null","549","null","1199","349","null","null","706","null","246","null","637","null","233","null","546","null","327","null","2328","null","660","null","2102","null","592","null","1459","null","443","null","1114","null","381","null","226","null","167","null","1673","null","517","null","1572","null","504","null","1447","null","470","null","235","null","189","null","101","null","99","null","2360","null","644","null","2219","null","637","null","1830","null","556","null","750","null","325","null","141","null","119","null",
"0500000US47171","Unicoi County, Tennessee","17247","null","202","null","3717","null","517","null","3274","null","481","null","1279","null","249","null","2723","null","457","null","443","null","150","null","5147","null","701","null","4524","615","null","null","2773","null","447","null","2997","null","550","null","623","null","251","null","3112","null","647","null","2899","null","609","null","2003","null","435","null","1432","null","320","null","213","null","130","null","2443","null","550","null","2365","null","527","null","2103","null","500","null","525","null","224","null","78","null","76","null","2828","null","708","null","2518","null","639","null","2150","null","517","null","684","null","247","null","310","null","215","null",
"0500000US47173","Union County, Tennessee","19295","null","64","null","3832","null","558","null","2975","null","420","null","684","null","191","null","2646","null","395","null","857","null","304","null","4891","null","621","null","4384","559","null","null","2149","null","368","null","2985","null","421","null","507","null","147","null","5242","null","881","null","4822","null","841","null","3337","null","597","null","1946","null","564","null","420","null","201","null","2342","null","517","null","2278","null","504","null","1920","null","469","null","725","null","244","null","64","null","63","null","2988","null","669","null","2718","null","587","null","2338","null","516","null","633","null","238","null","270","null","179","null",
"0500000US47175","Van Buren County, Tennessee","5653","null","86","null","1275","null","306","null","1005","null","213","null","321","null","125","null","885","null","204","null","270","null","158","null","1476","null","296","null","1169","251","null","null","633","null","177","null","720","null","161","null","307","null","158","null","1347","null","308","null","1147","null","280","null","816","null","222","null","535","null","134","null","200","null","127","null","772","null","227","null","748","null","216","null","626","null","182","null","273","null","112","null","24","null","26","null","783","null","281","null","747","null","262","null","721","null","252","null","188","null","90","null","36","null","47","null",
"0500000US47177","Warren County, Tennessee","40006","null","202","null","8796","null","926","null","7426","null","827","null","1919","null","361","null","6652","null","748","null","1370","null","391","null","11245","null","1006","null","9489","899","null","null","5794","null","772","null","5687","null","779","null","1756","null","502","null","8531","null","974","null","7760","null","885","null","5266","null","610","null","3718","null","685","null","771","null","196","null","4545","null","709","null","4077","null","612","null","3539","null","577","null","976","null","250","null","468","null","207","null","6889","null","972","null","6176","null","893","null","5584","null","823","null","1486","null","328","null","713","null","299","null",
"0500000US47179","Washington County, Tennessee","122749","null","402","null","24009","null","1614","null","20366","null","1385","null","9180","null","884","null","14930","null","1300","null","3643","null","700","null","27716","null","2016","null","24000","1792","null","null","16298","null","1239","null","13288","null","1334","null","3716","null","732","null","24204","null","1691","null","22135","null","1556","null","18198","null","1447","null","7735","null","812","null","2069","null","528","null","14869","null","1609","null","14267","null","1548","null","12248","null","1333","null","4164","null","694","null","602","null","188","null","31951","null","1854","null","31106","null","1779","null","29274","null","1679","null","5250","null","716","null","845","null","345","null",
"0500000US47181","Wayne County, Tennessee","14592","null","250","null","3404","null","546","null","2935","null","460","null","901","null","242","null","2386","null","400","null","469","null","168","null","3624","null","586","null","3120","485","null","null","1643","null","356","null","2083","null","371","null","504","null","255","null","3263","null","638","null","2870","null","579","null","2312","null","540","null","1177","null","287","null","393","null","171","null","2143","null","519","null","1879","null","450","null","1533","null","384","null","558","null","200","null","264","null","129","null","2158","null","453","null","2041","null","438","null","1940","null","422","null","243","null","123","null","117","null","85","null",
"0500000US47183","Weakley County, Tennessee","30942","null","573","null","7562","null","708","null","6276","null","565","null","2785","null","378","null","4640","null","469","null","1286","null","384","null","8705","null","779","null","7554","751","null","null","4465","null","556","null","4697","null","568","null","1151","null","247","null","6234","null","792","null","5983","null","763","null","5182","null","692","null","2119","null","307","null","251","null","124","null","3826","null","557","null","3729","null","549","null","3303","null","525","null","969","null","250","null","97","null","67","null","4615","null","669","null","4337","null","576","null","3970","null","581","null","835","null","226","null","278","null","305","null",
"0500000US47185","White County, Tennessee","26385","null","164","null","4943","null","691","null","4242","null","571","null","1448","null","306","null","3500","null","499","null","701","null","235","null","8752","null","974","null","7312","936","null","null","4134","null","653","null","4412","null","682","null","1440","null","364","null","5386","null","770","null","5123","null","760","null","3999","null","612","null","2047","null","494","null","263","null","132","null","4100","null","784","null","3591","null","672","null","3216","null","657","null","657","null","175","null","509","null","485","null","3204","null","594","null","3118","null","583","null","2783","null","528","null","808","null","250","null","86","null","62","null",
"0500000US47187","Williamson County, Tennessee","224888","null","128","null","10818","null","1287","null","9170","null","1099","null","6269","null","897","null","4779","null","662","null","1648","null","447","null","19420","null","1803","null","17111","1570","null","null","11649","null","1424","null","8435","null","976","null","2309","null","628","null","25150","null","1815","null","23519","null","1775","null","19624","null","1563","null","7517","null","848","null","1631","null","508","null","26663","null","2233","null","24906","null","2059","null","22239","null","1994","null","6047","null","772","null","1757","null","505","null","142837","null","3146","null","139976","null","3082","null","134019","null","3009","null","14478","null","840","null","2861","null","612","null",
"0500000US47189","Wilson County, Tennessee","134851","null","384","null","10845","null","1068","null","9368","null","922","null","3931","null","657","null","7054","null","775","null","1477","null","440","null","20655","null","1799","null","18312","1661","null","null","11606","null","1165","null","10530","null","1132","null","2343","null","607","null","24555","null","2172","null","22729","null","1943","null","17184","null","1610","null","9272","null","1254","null","1826","null","484","null","22486","null","2057","null","21452","null","1980","null","19116","null","1833","null","4605","null","694","null","1034","null","328","null","56310","null","2189","null","54558","null","2136","null","50779","null","2096","null","8649","null","812","null","1752","null","503","null",
